id,name,designation,role
1,Abigail Gray,Data Engineer,employee
2,Michael Hodge,QA Engineer,employee
3,Eric Zamora,Data Engineer,employee
4,Kimberly Erickson,Software Engineer,employee
5,Terry Palmer,Mobile App Engineer,employee
6,Maria Roach,Mobile App Engineer,employee
7,Richard Jones,Mobile App Engineer,employee
8,David Hall,DevOps Engineer,employee
9,Chelsea Roman,Software Engineer,employee
10,Matthew White,Mobile App Engineer,employee
11,Melissa Butler,QA Engineer,employee
12,William Johnson,Mobile App Engineer,employee
13,Michael Gill,Mobile App Engineer,employee
14,Sarah Parker,Front-end Engineer,employee
15,Nicholas Mahoney,Front-end Engineer,employee
16,Maria Morgan,Security Engineer,employee
17,Candace Peterson,DevOps Engineer,employee
18,Leonard Wilson,Security Engineer,employee
19,Gina Cox,DevOps Engineer,employee
20,Shawn Graham,Mobile App Engineer,employee
21,Tyler Clark,Network Engineer,employee
22,Mark Kim,DevOps Engineer,employee
23,John Merritt,QA Engineer,employee
24,Renee Wright,Security Engineer,employee
25,Dylan Schwartz,DevOps Engineer,employee
26,Aaron Kennedy,Full-stack Engineer,employee
27,Steven Lee,Software Engineer,employee
28,Erica Molina,Network Engineer,employee
29,Logan Shields,Network Engineer,employee
30,Leslie Peterson,Mobile App Engineer,employee
31,William Lopez,QA Engineer,employee
32,Christine Shaw,Full-stack Engineer,employee
33,Sharon Blankenship,Cloud Engineer,employee
34,Patrick Brooks,Back-end Engineer,employee
35,Kathleen Blevins,QA Engineer,employee
36,Timothy Weeks IV,Network Engineer,employee
37,Frank Clark,QA Engineer,employee
38,Stephanie Lewis,Software Engineer,employee
39,Benjamin Ewing,Front-end Engineer,employee
40,Martha Nolan,Network Engineer,employee
41,Elizabeth Arnold,Front-end Engineer,employee
42,Malik George,Data Engineer,employee
43,Elizabeth Brewer,DevOps Engineer,employee
44,Adam Barnes,Network Engineer,employee
45,Matthew Stevenson,Mobile App Engineer,employee
46,Evelyn Williamson,Security Engineer,employee
47,Isabel King,DevOps Engineer,employee
48,Mary Roberts,Mobile App Engineer,employee
49,Kristie Ho,QA Engineer,employee
50,Michael Vasquez,Back-end Engineer,employee
51,Cynthia Duarte,Data Engineer,employee
52,Crystal Cruz,Security Engineer,employee
53,Savannah Knight,Full-stack Engineer,employee
54,Daniel Olsen,Data Engineer,employee
55,Karen Edwards,Full-stack Engineer,employee
56,Heather Pearson,Data Engineer,employee
57,Kevin Davis,Mobile App Engineer,employee
58,Robert Valdez,Cloud Engineer,employee
59,Timothy Warren,Network Engineer,employee
60,Peter Young,Cloud Engineer,employee
61,Pamela Smith,DevOps Engineer,employee
62,Troy Gonzalez,Security Engineer,employee
63,Richard Evans,DevOps Engineer,employee
64,Jenna Edwards,Cloud Engineer,employee
65,Brandi Marshall,Security Engineer,employee
66,Michael Lewis,Mobile App Engineer,employee
67,Mr. Eric Wiggins,DevOps Engineer,employee
68,Suzanne Price,DevOps Engineer,employee
69,Michael Werner,Front-end Engineer,employee
70,Pamela Erickson,Data Engineer,employee
71,Joshua Carlson,Software Engineer,employee
72,Kimberly Weiss,Security Engineer,employee
73,John Sanchez,Front-end Engineer,employee
74,Keith Clark,Cloud Engineer,employee
75,Audrey Kelly DDS,Security Engineer,employee
76,Anna Gonzalez,Security Engineer,employee
77,Alexander Hodges,Front-end Engineer,employee
78,Daniel Thompson,DevOps Engineer,employee
79,Sean Jackson DDS,Full-stack Engineer,employee
80,Marilyn Ward,Network Engineer,employee
81,Timothy Rogers,Data Engineer,employee
82,Dr. Mary Poole,Back-end Engineer,employee
83,Tiffany Valencia,Software Engineer,employee
84,Edward Price,DevOps Engineer,employee
85,Jay Jones,Network Engineer,employee
86,Kristy Novak,DevOps Engineer,employee
87,Sydney Rivas,Full-stack Engineer,employee
88,Theresa Wright,Security Engineer,employee
89,Lisa Rhodes,Software Engineer,employee
90,Sherri Smith,Cloud Engineer,employee
91,Michael Walker,Full-stack Engineer,employee
92,Keith Stewart,Software Engineer,employee
93,Javier Anderson,Network Engineer,employee
94,Patricia Tran,Software Engineer,employee
95,Sabrina Johnson,Software Engineer,employee
96,Matthew Powell,DevOps Engineer,employee
97,Taylor Yang,Security Engineer,employee
98,Ross Jordan,Security Engineer,employee
99,Rachel Chan,DevOps Engineer,employee
100,Justin Robertson,Back-end Engineer,employee
101,Adam Meza,DevOps Engineer,employee
102,Elizabeth Kelly,Back-end Engineer,employee
103,Theresa Riddle,Mobile App Engineer,employee
104,David Bradley,QA Engineer,employee
105,Julian Ramirez,Mobile App Engineer,employee
106,Andrea Russell,QA Engineer,employee
107,Jamie Williams,Cloud Engineer,employee
108,Jean Bell,Data Engineer,employee
109,Tammy Gamble,DevOps Engineer,employee
110,Mark Hoffman,Data Engineer,employee
111,Kathryn Schmidt,Back-end Engineer,employee
112,Denise Patterson,Front-end Engineer,employee
113,Gary Oconnor,DevOps Engineer,employee
114,Lance Clark,Full-stack Engineer,employee
115,Michael Smith,DevOps Engineer,employee
116,Corey Williams,Mobile App Engineer,employee
117,Shannon Freeman,Front-end Engineer,employee
118,Adam Simmons,Full-stack Engineer,employee
119,Sarah Thornton,Mobile App Engineer,employee
120,Amanda Russell,Security Engineer,employee
121,Kristin Davis,QA Engineer,employee
122,Jeffrey Potter,DevOps Engineer,employee
123,Rick Jones,Full-stack Engineer,employee
124,Kimberly Bailey,Mobile App Engineer,employee
125,Brandon Best,Software Engineer,employee
126,Mr. Terry Frost,DevOps Engineer,employee
127,Brian Hernandez,Front-end Engineer,employee
128,Ms. Christina Wright,Network Engineer,employee
129,Lisa Cain,DevOps Engineer,employee
130,Emma Fields,Mobile App Engineer,employee
131,Jared Garrison,Back-end Engineer,employee
132,Michael Alvarez,Software Engineer,employee
133,Alexander Smith,QA Engineer,employee
134,Brandon Smith,Front-end Engineer,employee
135,Alexander Schaefer,Network Engineer,employee
136,Kari Frazier DVM,Network Engineer,employee
137,Ashley Garcia,Front-end Engineer,employee
138,Nicole Ortiz,Back-end Engineer,employee
139,Anthony Griffin,Data Engineer,employee
140,Mercedes Smith,Cloud Engineer,employee
141,Tiffany Lee,Back-end Engineer,employee
142,Kyle Huff,Back-end Engineer,employee
143,Jonathan Murphy,Mobile App Engineer,employee
144,Michael Ellis,Full-stack Engineer,employee
145,Catherine Phillips,Back-end Engineer,employee
146,Brandy Duke,QA Engineer,employee
147,Stacey Carr,Network Engineer,employee
148,Sherry Murray,Network Engineer,employee
149,Laura Lee,Mobile App Engineer,employee
150,Miguel Bauer,Software Engineer,employee
151,Mary Adams,Back-end Engineer,employee
152,Justin Ross,Network Engineer,employee
153,Kelly Miller,Front-end Engineer,employee
154,Dennis Hall,Security Engineer,employee
155,Andrew Snyder,Full-stack Engineer,employee
156,Dr. Austin Gordon MD,DevOps Engineer,employee
157,Bryan Lewis,Cloud Engineer,employee
158,Mr. Gary Collins,Cloud Engineer,employee
159,Susan Ellis,Network Engineer,employee
160,Amanda Williams,Mobile App Engineer,employee
161,Katelyn Benton,Back-end Engineer,employee
162,Patrick Thomas,Cloud Engineer,employee
163,Sarah Johnson,Cloud Engineer,employee
164,Donna Jackson,Network Engineer,employee
165,Matthew Butler,Cloud Engineer,employee
166,Taylor Salas,DevOps Engineer,employee
167,Dylan Johnson,Software Engineer,employee
168,Miguel Andrews,Cloud Engineer,employee
169,Lauren Williams,Network Engineer,employee
170,Allison Avila,Back-end Engineer,employee
171,Nicole Carter,Mobile App Engineer,employee
172,Austin Jackson,DevOps Engineer,employee
173,Michael Sims,Mobile App Engineer,employee
174,Dawn Martinez,Full-stack Engineer,employee
175,Christopher Peck,Network Engineer,employee
176,Amy Greene,Network Engineer,employee
177,Samuel Carey,Full-stack Engineer,employee
178,Christina Fernandez,Mobile App Engineer,employee
179,David Johnson,Mobile App Engineer,employee
180,Jeremy Marquez,Cloud Engineer,employee
181,Marissa Munoz,Front-end Engineer,employee
182,Linda Russell,Mobile App Engineer,employee
183,Scott Beard,Network Engineer,employee
184,Jenny Phillips,Mobile App Engineer,employee
185,Keith Greene,Cloud Engineer,employee
186,Bradley Griffin,DevOps Engineer,employee
187,Christopher Smith,Back-end Engineer,employee
188,Lisa Baker,Full-stack Engineer,employee
189,Stephanie Parker,Back-end Engineer,employee
190,Denise Rangel,Security Engineer,employee
191,Marcus Johnson,Network Engineer,employee
192,Amy Romero,Software Engineer,employee
193,Steven Crawford DDS,Back-end Engineer,employee
194,Matthew Hart,Cloud Engineer,employee
195,Richard Fletcher,DevOps Engineer,employee
196,Jeanette Hill,Back-end Engineer,employee
197,Rebecca Bates,Mobile App Engineer,employee
198,Jared Andrews,Front-end Engineer,employee
199,Richard Williamson,Front-end Engineer,employee
200,Tracy Harris,Front-end Engineer,employee
201,David Franco,Data Engineer,employee
202,Kelsey Nelson,Cloud Engineer,employee
203,Kathleen Steele,Data Engineer,employee
204,Olivia Ford,Full-stack Engineer,employee
205,Cathy Norris,DevOps Engineer,employee
206,Sara Smith,Data Engineer,employee
207,Perry Wright,Full-stack Engineer,employee
208,Donna Fisher,Mobile App Engineer,employee
209,Trevor Scott,Mobile App Engineer,employee
210,Casey Thompson,Back-end Engineer,employee
211,Marcus Livingston,DevOps Engineer,employee
212,Robert Willis,Front-end Engineer,employee
213,Michael Rose,Back-end Engineer,employee
214,Stephanie Young,Mobile App Engineer,employee
215,Thomas Jones,Software Engineer,employee
216,Jennifer Smith,Mobile App Engineer,employee
217,Jerry Pierce,Network Engineer,employee
218,Ann Nguyen,Network Engineer,employee
219,Ryan Smith,Network Engineer,employee
220,Pamela Jackson,Front-end Engineer,employee
221,Carl Baker,Cloud Engineer,employee
222,Melanie Jefferson,Network Engineer,employee
223,Tammy Washington,Security Engineer,employee
224,Eddie Franklin,Cloud Engineer,employee
225,Michael Hart,QA Engineer,employee
226,Natalie White DDS,Network Engineer,employee
227,Thomas Williams,DevOps Engineer,employee
228,James Wu,Data Engineer,employee
229,Brian Holland,Cloud Engineer,employee
230,Heather Collins,Back-end Engineer,employee
231,Kim Howard,Cloud Engineer,employee
232,Anthony Gregory,Security Engineer,employee
233,Fernando Jones,DevOps Engineer,employee
234,Dr. Alexis Gay DDS,Full-stack Engineer,employee
235,Andrea White,DevOps Engineer,employee
236,Rachel Young,Mobile App Engineer,employee
237,Christopher Graves,Front-end Engineer,employee
238,Victoria Rios,Software Engineer,employee
239,Mary Anderson,DevOps Engineer,employee
240,Gina Thomas,Data Engineer,employee
241,Paula Chapman,QA Engineer,employee
242,Mark Conrad,Front-end Engineer,employee
243,Emily Phillips,Mobile App Engineer,employee
244,Holly Hall,Front-end Engineer,employee
245,Theresa Day,Mobile App Engineer,employee
246,Matthew Navarro,Software Engineer,employee
247,David Henderson,DevOps Engineer,employee
248,Jose Patel,Front-end Engineer,employee
249,Timothy Hernandez,Security Engineer,employee
250,Carlos Hall,Network Engineer,employee
251,Tara Jones,QA Engineer,employee
252,Brianna Hood,Network Engineer,employee
253,Ronald Everett,QA Engineer,employee
254,Natalie Ellis,Back-end Engineer,employee
255,Shawn Gray,QA Engineer,employee
256,Ariana Whitehead,Network Engineer,employee
257,Jamie Hill,Security Engineer,employee
258,Heather Robinson,Back-end Engineer,employee
259,Jacob Davis,Cloud Engineer,employee
260,Michelle Austin,Back-end Engineer,employee
261,Jeffery Chen,Front-end Engineer,employee
262,Lisa Maxwell,Back-end Engineer,employee
263,Nicolas Gross,Mobile App Engineer,employee
264,Kristen Mcdaniel,Security Engineer,employee
265,Deborah Everett,Data Engineer,employee
266,Jordan Soto,QA Engineer,employee
267,James Hamilton,DevOps Engineer,employee
268,Brittany Powell,Cloud Engineer,employee
269,Jason Stevenson,Back-end Engineer,employee
270,Carolyn Arnold,Mobile App Engineer,employee
271,Courtney Jones,Cloud Engineer,employee
272,Tyler Lopez,DevOps Engineer,employee
273,George Hall,Data Engineer,employee
274,David Burgess,Network Engineer,employee
275,Michelle Garrett MD,Front-end Engineer,employee
276,Carol Mayo,Back-end Engineer,employee
277,Debra Gomez,Front-end Engineer,employee
278,Harold Contreras,DevOps Engineer,employee
279,Glenn Cox,Full-stack Engineer,employee
280,Cristian Gill,Network Engineer,employee
281,Trevor Martin,Security Engineer,employee
282,Lisa Mccarthy,Network Engineer,employee
283,Martin Vasquez,Full-stack Engineer,employee
284,Lisa White,DevOps Engineer,employee
285,Jonathan Lawrence,Software Engineer,employee
286,Sheila Scott,Mobile App Engineer,employee
287,Chris Berry,Front-end Engineer,employee
288,Adam Francis,Network Engineer,employee
289,Shannon Brooks,Mobile App Engineer,employee
290,Michael Clark,Mobile App Engineer,employee
291,Natalie Lee,Security Engineer,employee
292,Alexis Young,Security Engineer,employee
293,Kelsey Bishop,Mobile App Engineer,employee
294,Victoria Massey,Network Engineer,employee
295,Kimberly White,Data Engineer,employee
296,Christine Acosta,Data Engineer,employee
297,Donald Yates,Network Engineer,employee
298,Julie Morris,Network Engineer,employee
299,Drew Waters,Security Engineer,employee
300,Diana Scott,Security Engineer,employee
301,Lindsey Garcia,Front-end Engineer,employee
302,Linda Spencer,Front-end Engineer,employee
303,Jose King,Cloud Engineer,employee
304,Kellie Simmons,Front-end Engineer,employee
305,Jamie Jackson,Data Engineer,employee
306,Natalie Nash,Security Engineer,employee
307,Jeffrey Park,Full-stack Engineer,employee
308,David Hart,Front-end Engineer,employee
309,Evan Ramos,Data Engineer,employee
310,Steven Smith,Data Engineer,employee
311,Brandon Tran,DevOps Engineer,employee
312,Eddie Lopez,Data Engineer,employee
313,Susan Ryan,Mobile App Engineer,employee
314,James Simmons,Security Engineer,employee
315,Laura Smith,Software Engineer,employee
316,Debra Miller,Security Engineer,employee
317,Patricia Mitchell,DevOps Engineer,employee
318,William Peterson,Software Engineer,employee
319,Monica Harris,Mobile App Engineer,employee
320,Christopher Barnes,Back-end Engineer,employee
321,Lisa Davis,Cloud Engineer,employee
322,Laura Thompson,Front-end Engineer,employee
323,Jonathan Todd,Full-stack Engineer,employee
324,Sherri Martinez,DevOps Engineer,employee
325,Michelle Rodriguez,Network Engineer,employee
326,Rebecca Barker,Network Engineer,employee
327,Kimberly Hill,Security Engineer,employee
328,Aaron Khan,Software Engineer,employee
329,Chelsea Juarez,Software Engineer,employee
330,Michael Bates,Mobile App Engineer,employee
331,Heather Wilson,QA Engineer,employee
332,Jerry Ruiz DDS,Security Engineer,employee
333,Nicholas Sanford,Full-stack Engineer,employee
334,Justin Alvarez,Network Engineer,employee
335,Manuel Wilson,DevOps Engineer,employee
336,Laura Roberson,Front-end Engineer,employee
337,Isaac Gardner,Back-end Engineer,employee
338,Richard Gordon,Front-end Engineer,employee
339,Charles Smith,Network Engineer,employee
340,Anna Garner,Back-end Engineer,employee
341,Michael Smith,Mobile App Engineer,employee
342,Dana Brooks,Mobile App Engineer,employee
343,Michele Watson,Back-end Engineer,employee
344,Jacqueline Duke,DevOps Engineer,employee
345,Vanessa Navarro,Mobile App Engineer,employee
346,Dr. Kim Gordon,Front-end Engineer,employee
347,Jennifer Hunt,Full-stack Engineer,employee
348,Duane Heath,Mobile App Engineer,employee
349,Karen Harris,Cloud Engineer,employee
350,William Lawson,Security Engineer,employee
351,Brandon Nguyen,Cloud Engineer,employee
352,Patrick Young,Back-end Engineer,employee
353,Tara Smith,Cloud Engineer,employee
354,Kenneth Smith,Mobile App Engineer,employee
355,Ronald Graham,Network Engineer,employee
356,Anna Brown,Back-end Engineer,employee
357,Mr. David Christian,Back-end Engineer,employee
358,Rita Briggs,Software Engineer,employee
359,Kimberly Castillo,Data Engineer,employee
360,Natalie Kelly,Mobile App Engineer,employee
361,April Salazar,Security Engineer,employee
362,Amanda White,Mobile App Engineer,employee
363,Austin Cline,Network Engineer,employee
364,Jennifer Kent,Cloud Engineer,employee
365,Manuel Perry,Front-end Engineer,employee
366,Thomas Rollins,Mobile App Engineer,employee
367,Richard Graves,DevOps Engineer,employee
368,Priscilla Jones,Security Engineer,employee
369,Kimberly Caldwell,Cloud Engineer,employee
370,Tim Zavala,Security Engineer,employee
371,Colleen Hays,Mobile App Engineer,employee
372,Dr. Cassandra Deleon DDS,Mobile App Engineer,employee
373,Robert Ford,Cloud Engineer,employee
374,Teresa Griffin,Network Engineer,employee
375,Amanda Brown,Cloud Engineer,employee
376,Jeffrey Brown,Front-end Engineer,employee
377,Sean Waters,Back-end Engineer,employee
378,Scott Taylor,Mobile App Engineer,employee
379,Juan Galloway,Full-stack Engineer,employee
380,Nicholas Durham,Full-stack Engineer,employee
381,Amanda Mitchell,Back-end Engineer,employee
382,Jackie Freeman,Full-stack Engineer,employee
383,Tanner Dudley,DevOps Engineer,employee
384,Kevin Lambert,Data Engineer,employee
385,Melissa Herman,Security Engineer,employee
386,John Walker,Cloud Engineer,employee
387,Nicole Herrera,Mobile App Engineer,employee
388,Angela Taylor,Security Engineer,employee
389,Holly Sellers,DevOps Engineer,employee
390,Jasmine Herring,Full-stack Engineer,employee
391,Stephanie Carr,Full-stack Engineer,employee
392,Lisa Jones,Back-end Engineer,employee
393,Tracy Stevens,Network Engineer,employee
394,Jennifer Watkins,Mobile App Engineer,employee
395,John Good,Network Engineer,employee
396,Derrick Glenn,Network Engineer,employee
397,Megan Reed,Network Engineer,employee
398,Carlos Patel,QA Engineer,employee
399,Joseph Alexander,Mobile App Engineer,employee
400,Jessica Peterson,Network Engineer,employee
401,Patricia Price,DevOps Engineer,employee
402,Wyatt Johnson,DevOps Engineer,employee
403,Charles Miller,Data Engineer,employee
404,Monica Bean,Cloud Engineer,employee
405,Priscilla Underwood,Data Engineer,employee
406,Erin Harris,Back-end Engineer,employee
407,Christopher Compton,Data Engineer,employee
408,Teresa Wells,Full-stack Engineer,employee
409,Carolyn Walter,Cloud Engineer,employee
410,Steven Bell,Security Engineer,employee
411,Michael Harris,Mobile App Engineer,employee
412,Mark Nash,QA Engineer,employee
413,Joshua Ramsey,DevOps Engineer,employee
414,Judy Macdonald,Security Engineer,employee
415,Christina Keller,Back-end Engineer,employee
416,Carlos Stewart,DevOps Engineer,employee
417,Nicholas Nelson,QA Engineer,employee
418,Thomas Green,Security Engineer,employee
419,Christopher Thompson,Software Engineer,employee
420,Kimberly Johnson,Security Engineer,employee
421,Nicholas Stephens,Back-end Engineer,employee
422,Sarah Sanchez,Back-end Engineer,employee
423,Daniel Mitchell,Cloud Engineer,employee
424,Daniel Cameron,Software Engineer,employee
425,Jessica Lee,Mobile App Engineer,employee
426,Edwin Jones,Back-end Engineer,employee
427,Devin Barker,Network Engineer,employee
428,Stephanie Anderson,Back-end Engineer,employee
429,Michelle Peterson,QA Engineer,employee
430,Matthew Arellano,Front-end Engineer,employee
431,Margaret Hall,Full-stack Engineer,employee
432,Dana Sanders,Security Engineer,employee
433,Denise Jimenez,Mobile App Engineer,employee
434,Allen Brown,QA Engineer,employee
435,Nicole Mcdonald,Network Engineer,employee
436,Heather Le,Security Engineer,employee
437,Bethany Friedman,Back-end Engineer,employee
438,Terrence Brooks,DevOps Engineer,employee
439,Patrick Castaneda,Security Engineer,employee
440,Thomas Obrien,Software Engineer,employee
441,Brandon Thompson,Data Engineer,employee
442,James Stanley,Full-stack Engineer,employee
443,Brandon Smith,Back-end Engineer,employee
444,Gregory Young,Data Engineer,employee
445,Kenneth Hernandez,QA Engineer,employee
446,Lori Russell,Full-stack Engineer,employee
447,Michael Williamson,Software Engineer,employee
448,Taylor Peterson,Full-stack Engineer,employee
449,Emily Sutton,Back-end Engineer,employee
450,Veronica Alvarez,Mobile App Engineer,employee
451,Nicole Hughes,DevOps Engineer,employee
452,Lauren Wang,Network Engineer,employee
453,Nancy Rogers,QA Engineer,employee
454,Alyssa Bowers,Software Engineer,employee
455,Ryan Davies,Data Engineer,employee
456,Kristina Arnold,Full-stack Engineer,employee
457,Gary Washington,Security Engineer,employee
458,Debra Bridges,Cloud Engineer,employee
459,Sharon Medina,Cloud Engineer,employee
460,Christopher Garcia,DevOps Engineer,employee
461,Cody Black,Data Engineer,employee
462,Alexandra Moore,QA Engineer,employee
463,Theresa Sanchez,Software Engineer,employee
464,Alexandria Young,Full-stack Engineer,employee
465,Joseph Rodriguez,Network Engineer,employee
466,Michelle Ramos,QA Engineer,employee
467,Mrs. Tiffany Mason MD,Data Engineer,employee
468,Miguel Mathis,Cloud Engineer,employee
469,Erin Moran,Data Engineer,employee
470,Brian Simpson,Data Engineer,employee
471,Benjamin Nielsen,Software Engineer,employee
472,Joe Hunter,Cloud Engineer,employee
473,Ronald Jensen,Front-end Engineer,employee
474,Susan Burns,Data Engineer,employee
475,Dennis Mendez,Cloud Engineer,employee
476,Susan Oneal,Full-stack Engineer,employee
477,Daisy Galvan,Mobile App Engineer,employee
478,Mallory Cook,DevOps Engineer,employee
479,Kelsey Smith,Data Engineer,employee
480,Mark Dixon,Security Engineer,employee
481,Christopher Adkins,Front-end Engineer,employee
482,Daniel Marks,Full-stack Engineer,employee
483,Stephanie Phelps,Back-end Engineer,employee
484,Emily Smith,Back-end Engineer,employee
485,Jose Preston,DevOps Engineer,employee
486,Connie Estrada,Cloud Engineer,employee
487,Misty Hernandez,Software Engineer,employee
488,Amanda Jensen,Cloud Engineer,employee
489,Victoria Mendez,Network Engineer,employee
490,Melissa Doyle,DevOps Engineer,employee
491,Adam Brown,Mobile App Engineer,employee
492,Richard Grant,QA Engineer,employee
493,Steven Reyes,Security Engineer,employee
494,Emily Love,Network Engineer,employee
495,Richard Mahoney,Network Engineer,employee
496,Hayley Kelley,Full-stack Engineer,employee
497,Michelle Harper,Data Engineer,employee
498,Melinda Murray,Cloud Engineer,employee
499,Deborah Love,Mobile App Engineer,employee
500,Erin Barnes,Cloud Engineer,employee
501,Tanya Smith,Cloud Engineer,employee
502,Lisa Marshall,Front-end Engineer,employee
503,Katherine Hernandez,Mobile App Engineer,employee
504,Vanessa King,Software Engineer,employee
505,Kathleen Porter,Software Engineer,employee
506,Kimberly Diaz,DevOps Engineer,employee
507,Elaine Whitaker,Full-stack Engineer,employee
508,Lindsay Case,Security Engineer,employee
509,Frederick Watson,Security Engineer,employee
510,Elizabeth Martinez,Full-stack Engineer,employee
511,Karen Johnson,Back-end Engineer,employee
512,Stephanie Carpenter,Front-end Engineer,employee
513,Scott Duffy,Data Engineer,employee
514,John Lane,Full-stack Engineer,employee
515,Linda Walsh,Mobile App Engineer,employee
516,Jeff Herrera,Cloud Engineer,employee
517,Lance Brown,Data Engineer,employee
518,Sarah Kelly,Security Engineer,employee
519,Douglas Moore,Software Engineer,employee
520,Jake Gray,Front-end Engineer,employee
521,Kristen Smith,Back-end Engineer,employee
522,Todd Butler,Software Engineer,employee
523,Jason Salinas,Cloud Engineer,employee
524,Alexandra Wilson,Front-end Engineer,employee
525,Dr. Robert Shannon,DevOps Engineer,employee
526,Zachary Mendez,Mobile App Engineer,employee
527,Aaron Sellers,Software Engineer,employee
528,Angela Jensen,Software Engineer,employee
529,Brett Lopez,Software Engineer,employee
530,Linda Wells,Mobile App Engineer,employee
531,Heidi Luna,Software Engineer,employee
532,Ryan Smith,Front-end Engineer,employee
533,Jason Johnson,Software Engineer,employee
534,Michael Hines,Network Engineer,employee
535,Autumn Solomon,QA Engineer,employee
536,Jordan Duncan,Full-stack Engineer,employee
537,Matthew Hicks,DevOps Engineer,employee
538,Tracey Richards,DevOps Engineer,employee
539,Stephen Summers,Full-stack Engineer,employee
540,Teresa Nguyen,Back-end Engineer,employee
541,Ronald Davis,Software Engineer,employee
542,Rebecca Bennett,Data Engineer,employee
543,Michelle Coleman,Data Engineer,employee
544,Laura Wood,Front-end Engineer,employee
545,Katie Alvarez,Software Engineer,employee
546,Edward Williams,Back-end Engineer,employee
547,Rachel Smith,Data Engineer,employee
548,Daniel Boone,Data Engineer,employee
549,Lisa Green,QA Engineer,employee
550,Cassidy Schneider,Software Engineer,employee
551,Johnathan Park,Full-stack Engineer,employee
552,Dalton Gonzalez,QA Engineer,employee
553,Taylor Griffith,DevOps Engineer,employee
554,Cassandra Oneill,Full-stack Engineer,employee
555,Jose Patel,Front-end Engineer,employee
556,Kimberly Cummings,Back-end Engineer,employee
557,Chelsea Knight,QA Engineer,employee
558,Sherri Evans,DevOps Engineer,employee
559,Crystal Wilson,Security Engineer,employee
560,Laura Serrano,Network Engineer,employee
561,Aaron Martin,Cloud Engineer,employee
562,Christopher Vargas,Back-end Engineer,employee
563,Christopher Burnett,Data Engineer,employee
564,Mark Jones,Full-stack Engineer,employee
565,Jacqueline Clark,Cloud Engineer,employee
566,Jennifer Huff,Back-end Engineer,employee
567,Adam Brooks,Back-end Engineer,employee
568,Jason Ross,Full-stack Engineer,employee
569,Karen Williams,Data Engineer,employee
570,Richard Smith,Security Engineer,employee
571,Larry Lynn,Network Engineer,employee
572,Eric Miller,Security Engineer,employee
573,Amy Hernandez,Cloud Engineer,employee
574,Jennifer Bradford,QA Engineer,employee
575,Alison Miller,Back-end Engineer,employee
576,Paul Cardenas,Full-stack Engineer,employee
577,Dana Arias,Back-end Engineer,employee
578,Teresa Moreno,Front-end Engineer,employee
579,Brian Butler,DevOps Engineer,employee
580,Krista Rodriguez,Data Engineer,employee
581,Dr. Jennifer Moore,Back-end Engineer,employee
582,Kendra Moreno,Back-end Engineer,employee
583,April Flores,Front-end Engineer,employee
584,Anthony Garrison,QA Engineer,employee
585,Daniel Parrish,Cloud Engineer,employee
586,Evan Sellers,DevOps Engineer,employee
587,Jasmine Garrett,QA Engineer,employee
588,Maria Hardy,Data Engineer,employee
589,Heidi Hardy,Cloud Engineer,employee
590,Katie Carter,QA Engineer,employee
591,Kim Moore,Network Engineer,employee
592,Rachel Mitchell,QA Engineer,employee
593,Jeffrey Walker,Back-end Engineer,employee
594,Mark York Jr.,Cloud Engineer,employee
595,Nicole Blair,Network Engineer,employee
596,Mallory Webb,Front-end Engineer,employee
597,Kristina Price,Software Engineer,employee
598,Sylvia King,DevOps Engineer,employee
599,Crystal Roberts,Front-end Engineer,employee
600,Cody Dyer,DevOps Engineer,employee
601,April Maldonado,DevOps Engineer,employee
602,Summer Aguirre,Back-end Engineer,employee
603,Matthew Stevens,Cloud Engineer,employee
604,Steven Smith,Security Engineer,employee
605,Philip Harris,QA Engineer,employee
606,Jacob Stone,Software Engineer,employee
607,Denise Stewart,Security Engineer,employee
608,Jason Porter,QA Engineer,employee
609,James White,QA Engineer,employee
610,Kristen Ruiz,Cloud Engineer,employee
611,Adam Warner,Front-end Engineer,employee
612,Albert Cabrera,Mobile App Engineer,employee
613,Jacqueline Jensen,Data Engineer,employee
614,Christopher Wise,Cloud Engineer,employee
615,Karen Sanchez,Mobile App Engineer,employee
616,Kelly Stanley,Network Engineer,employee
617,Donald Horn,Software Engineer,employee
618,Lindsey Jordan,Front-end Engineer,employee
619,Claire Dunlap,Front-end Engineer,employee
620,Megan Harrington,Software Engineer,employee
621,Andrea Melton,DevOps Engineer,employee
622,Dawn Stewart,Mobile App Engineer,employee
623,Melissa Johnson,Security Engineer,employee
624,Anna Patterson,Software Engineer,employee
625,Tonya Rosales,Front-end Engineer,employee
626,Sara Stevens,Full-stack Engineer,employee
627,Sarah Sullivan,Cloud Engineer,employee
628,Mr. Charles Simmons,Full-stack Engineer,employee
629,Lisa Oconnell,Network Engineer,employee
630,Jonathan Cannon,QA Engineer,employee
631,Stephen Hall,DevOps Engineer,employee
632,Joshua Meza,Mobile App Engineer,employee
633,Jill Edwards,Full-stack Engineer,employee
634,Jessica Bishop,Mobile App Engineer,employee
635,Douglas Mays,Cloud Engineer,employee
636,Matthew Jones,Software Engineer,employee
637,Crystal Nixon,Back-end Engineer,employee
638,Christopher Harding,QA Engineer,employee
639,Larry Wright,Software Engineer,employee
640,Isaac Haley,Mobile App Engineer,employee
641,Gloria Thomas,Mobile App Engineer,employee
642,Deanna Wilson,Network Engineer,employee
643,Andrew Crawford,QA Engineer,employee
644,Toni Martinez,Back-end Engineer,employee
645,David Rios,Cloud Engineer,employee
646,Crystal Gordon,Cloud Engineer,employee
647,Destiny Rodriguez,QA Engineer,employee
648,Kimberly Fowler,Cloud Engineer,employee
649,Stephanie Steele,Back-end Engineer,employee
650,Richard Campbell,Back-end Engineer,employee
651,Michael Wells,Software Engineer,employee
652,Dawn Miller,Security Engineer,employee
653,Jesse Parker,Cloud Engineer,employee
654,Alyssa Avila,Cloud Engineer,employee
655,Christopher Guerra,Mobile App Engineer,employee
656,Noah Parker,Mobile App Engineer,employee
657,Jeffrey Carter,Mobile App Engineer,employee
658,Daniel Townsend,Data Engineer,employee
659,Laura Murray,Cloud Engineer,employee
660,Jared Wood,Software Engineer,employee
661,Matthew Le,Back-end Engineer,employee
662,Nicole Sparks,Security Engineer,employee
663,Elizabeth Norris,Data Engineer,employee
664,Anna Torres,Full-stack Engineer,employee
665,Heather Chan,Full-stack Engineer,employee
666,William Frey,DevOps Engineer,employee
667,Amy Martin,Mobile App Engineer,employee
668,Wanda Franco,Cloud Engineer,employee
669,Anita Walker,DevOps Engineer,employee
670,Robert Mayo,Mobile App Engineer,employee
671,Lisa Williams,DevOps Engineer,employee
672,Sarah Eaton,Mobile App Engineer,employee
673,Debra Johnson,Full-stack Engineer,employee
674,Charles Flores,Back-end Engineer,employee
675,Rachel Johnson,QA Engineer,employee
676,Stephanie Griffin,DevOps Engineer,employee
677,Jennifer Soto,Software Engineer,employee
678,Rebecca Dunn,DevOps Engineer,employee
679,Jared Bishop,Security Engineer,employee
680,Kimberly Long,Cloud Engineer,employee
681,Calvin Kemp,Security Engineer,employee
682,Michelle Pena,Data Engineer,employee
683,Claudia Bautista,QA Engineer,employee
684,Angela Turner,Front-end Engineer,employee
685,Bailey Phillips,Software Engineer,employee
686,Patricia Moore,Security Engineer,employee
687,Lawrence Keller,Network Engineer,employee
688,Heather Vasquez,DevOps Engineer,employee
689,Carol Young,Network Engineer,employee
690,Darlene Gomez,Back-end Engineer,employee
691,Emily Robertson,DevOps Engineer,employee
692,Christopher Evans,Software Engineer,employee
693,Gregory Frost,Data Engineer,employee
694,Maureen Richard,Network Engineer,employee
695,Jessica Hogan,Data Engineer,employee
696,Jennifer Conley,Data Engineer,employee
697,Diana Martinez,Data Engineer,employee
698,Bruce Briggs,Full-stack Engineer,employee
699,Daniel Woods,QA Engineer,employee
700,George Kennedy,Full-stack Engineer,employee
701,Katrina Johnson,Back-end Engineer,employee
702,Elizabeth Randall,QA Engineer,employee
703,Jennifer Vaughn,Front-end Engineer,employee
704,Stanley Pearson,Full-stack Engineer,employee
705,Heather Perkins,Front-end Engineer,employee
706,Juan Rice,QA Engineer,employee
707,Tony Peters,Security Engineer,employee
708,Laura Henson,Data Engineer,employee
709,Kevin Simpson,Back-end Engineer,employee
710,John Thompson,Full-stack Engineer,employee
711,Patricia Horton,Software Engineer,employee
712,Danielle Young,Back-end Engineer,employee
713,Sydney Campbell,QA Engineer,employee
714,Dale Snyder,Network Engineer,employee
715,Derek Edwards,Full-stack Engineer,employee
716,Darrell Roberts,Data Engineer,employee
717,Sabrina Maynard,Security Engineer,employee
718,Daniel Schneider,Cloud Engineer,employee
719,Tyler Lewis,QA Engineer,employee
720,Ashley Moore,Cloud Engineer,employee
721,David Chang,Mobile App Engineer,employee
722,Monica Collins,Network Engineer,employee
723,Casey Golden,QA Engineer,employee
724,Gabrielle Carter,Software Engineer,employee
725,Amanda Weaver,Front-end Engineer,employee
726,Lawrence Gray,Software Engineer,employee
727,Jeffrey Savage,Software Engineer,employee
728,Mary King,Security Engineer,employee
729,Trevor Mayo,Front-end Engineer,employee
730,Marcia Walker,QA Engineer,employee
731,Douglas Carr,Full-stack Engineer,employee
732,Anthony Wilson,Mobile App Engineer,employee
733,Jennifer Terrell,Data Engineer,employee
734,Karina Peterson,QA Engineer,employee
735,Wendy Garcia,DevOps Engineer,employee
736,Steven Cox,DevOps Engineer,employee
737,Linda Smith,Security Engineer,employee
738,Crystal Jennings,Cloud Engineer,employee
739,Rodney Newman,Software Engineer,employee
740,Megan Mcdonald,QA Engineer,employee
741,David Anderson,DevOps Engineer,employee
742,Craig Klein,Mobile App Engineer,employee
743,Antonio Acosta,Mobile App Engineer,employee
744,Brittany Norman,Back-end Engineer,employee
745,Hannah Robertson,Data Engineer,employee
746,Wayne Smith,Software Engineer,employee
747,Christina Alexander,DevOps Engineer,employee
748,Thomas Ingram,Security Engineer,employee
749,Michael Moss,Software Engineer,employee
750,Denise Carter,Cloud Engineer,employee
751,Jeffrey Sandoval,Security Engineer,employee
752,Alexander Peterson,Data Engineer,employee
753,Mr. Arthur Mendoza,Mobile App Engineer,employee
754,Amy Bailey,DevOps Engineer,employee
755,Molly Murphy,Network Engineer,employee
756,Tabitha Morales,Full-stack Engineer,employee
757,Kelly Shaw,Mobile App Engineer,employee
758,Mr. Christopher Shelton,QA Engineer,employee
759,Michael Osborn,Software Engineer,employee
760,Mrs. Kelly Jordan DDS,DevOps Engineer,employee
761,Christopher Sanchez,Front-end Engineer,employee
762,Chase Monroe,Mobile App Engineer,employee
763,Susan Atkinson,Software Engineer,employee
764,James Nelson,Software Engineer,employee
765,Dana Wilson,Network Engineer,employee
766,Jennifer Doyle,Security Engineer,employee
767,Steven Cline,DevOps Engineer,employee
768,Amber Reeves,Data Engineer,employee
769,Robin Roy,Data Engineer,employee
770,Peter Sharp,Back-end Engineer,employee
771,Leah Valdez,Security Engineer,employee
772,Timothy Crosby,QA Engineer,employee
773,Tracey Clark,Data Engineer,employee
774,Brendan Burch,Software Engineer,employee
775,Brittney Davis,Security Engineer,employee
776,Jason Mosley,Network Engineer,employee
777,Sandra Taylor,Front-end Engineer,employee
778,Stephanie Davies,Data Engineer,employee
779,Michele Stewart,DevOps Engineer,employee
780,Mason Perez,Software Engineer,employee
781,Mackenzie Hunt,Mobile App Engineer,employee
782,Joseph Miller,Front-end Engineer,employee
783,Roberto Jackson,Network Engineer,employee
784,Jennifer Jackson,Full-stack Engineer,employee
785,Traci Bryan,Software Engineer,employee
786,Andrea Wilson,DevOps Engineer,employee
787,Christian Hernandez,Security Engineer,employee
788,Kevin Gibbs,Full-stack Engineer,employee
789,Kenneth Harris,Data Engineer,employee
790,Jennifer Lopez,DevOps Engineer,employee
791,Melanie Mcdaniel,Data Engineer,employee
792,Ryan Taylor,DevOps Engineer,employee
793,Regina Horn,Network Engineer,employee
794,Richard Garcia,DevOps Engineer,employee
795,Michael Smith,Network Engineer,employee
796,Christian Edwards,QA Engineer,employee
797,Jasmine Ware,Network Engineer,employee
798,Michele Turner,Full-stack Engineer,employee
799,Deborah Martin,Cloud Engineer,employee
800,Gabriella Mills,Back-end Engineer,employee
801,Jacqueline Flowers,DevOps Engineer,employee
802,Brandy West,DevOps Engineer,employee
803,Lori Lynch,Security Engineer,employee
804,Shawn Yoder,Front-end Engineer,employee
805,Kelly Peterson,Network Engineer,employee
806,Mark Miller,Back-end Engineer,employee
807,Stacy Sparks,Software Engineer,employee
808,William Collins,Security Engineer,employee
809,Misty Mccormick,Mobile App Engineer,employee
810,Timothy Ford,Data Engineer,employee
811,Jeremiah Phillips,Software Engineer,employee
812,Mark Williams,Data Engineer,employee
813,Vanessa Brown,QA Engineer,employee
814,Katherine Gonzalez,Back-end Engineer,employee
815,David Patel,Front-end Engineer,employee
816,Ashley Hogan,QA Engineer,employee
817,Shawn Hutchinson,Full-stack Engineer,employee
818,Elaine Walker,Security Engineer,employee
819,Kimberly Schmidt,DevOps Engineer,employee
820,Paul Howard,Security Engineer,employee
821,Juan Martinez,Full-stack Engineer,employee
822,Jeremy Romero,Data Engineer,employee
823,Shannon Soto,Data Engineer,employee
824,David Palmer,Back-end Engineer,employee
825,Jeffrey Whitehead,Back-end Engineer,employee
826,Gabriella Gonzalez,QA Engineer,employee
827,Patrick Owens,Network Engineer,employee
828,Jennifer Pearson,Back-end Engineer,employee
829,Natalie Reyes,DevOps Engineer,employee
830,Debra Mcguire,Full-stack Engineer,employee
831,Kevin Thomas,Cloud Engineer,employee
832,Austin Herrera,Security Engineer,employee
833,Dr. Corey Johnson,Security Engineer,employee
834,William Pacheco,Software Engineer,employee
835,Sheryl Conley,DevOps Engineer,employee
836,Derek Osborn,Mobile App Engineer,employee
837,Sara Hudson,Cloud Engineer,employee
838,William Murphy,DevOps Engineer,employee
839,Jill Hill,Data Engineer,employee
840,Bailey Young,Data Engineer,employee
841,Diane Price,Cloud Engineer,employee
842,Caitlin Sutton,Network Engineer,employee
843,Jose Richards,Network Engineer,employee
844,James Lucero,Mobile App Engineer,employee
845,Veronica Hansen,Cloud Engineer,employee
846,Shelby Maldonado,Cloud Engineer,employee
847,Brandon Anderson,Mobile App Engineer,employee
848,Haley Lindsey,Front-end Engineer,employee
849,Timothy Gardner,Back-end Engineer,employee
850,Eric Fields,Back-end Engineer,employee
851,Brittany Wiggins,Front-end Engineer,employee
852,Brandy Weaver,Cloud Engineer,employee
853,Mark Taylor,Network Engineer,employee
854,Clayton Lowe,Network Engineer,employee
855,Janice Wood,Network Engineer,employee
856,Linda Anderson,Full-stack Engineer,employee
857,Leslie Herrera,Software Engineer,employee
858,Jennifer Mccoy,Data Engineer,employee
859,Karen Scott,Mobile App Engineer,employee
860,Crystal Pacheco,Back-end Engineer,employee
861,Joseph White,Network Engineer,employee
862,Tyler Hill,Front-end Engineer,employee
863,Todd Gallegos,Mobile App Engineer,employee
864,Heidi Hudson,Software Engineer,employee
865,Kimberly Hill,Full-stack Engineer,employee
866,Jennifer Beck,DevOps Engineer,employee
867,Desiree Miller,Software Engineer,employee
868,Brian Gonzalez,DevOps Engineer,employee
869,Laura Stone,Cloud Engineer,employee
870,Bradley Smith,Data Engineer,employee
871,Margaret Santos,Mobile App Engineer,employee
872,Jesse Brown,DevOps Engineer,employee
873,Stacy Riley,DevOps Engineer,employee
874,Christina Lang,Network Engineer,employee
875,Michael Johnson MD,Security Engineer,employee
876,Stephen Hill,Data Engineer,employee
877,Michael Parks,Cloud Engineer,employee
878,Eric Stone,Software Engineer,employee
879,Madison Morris,Full-stack Engineer,employee
880,Rhonda Mcpherson,Cloud Engineer,employee
881,Mary Leonard,Software Engineer,employee
882,Brandon Wallace,Front-end Engineer,employee
883,Julia Lewis,Mobile App Engineer,employee
884,Mark Rodriguez,Security Engineer,employee
885,Miguel Rogers,Cloud Engineer,employee
886,Denise Singh,QA Engineer,employee
887,Tonya Johnson,Full-stack Engineer,employee
888,Loretta Oconnell,Mobile App Engineer,employee
889,Michael Hill MD,Cloud Engineer,employee
890,Daniel Barnes,Software Engineer,employee
891,Tracey Patterson,Full-stack Engineer,employee
892,Stephanie Hernandez,Network Engineer,employee
893,Karen Reid,Security Engineer,employee
894,Robert Graves,Front-end Engineer,employee
895,Joseph Schaefer,Front-end Engineer,employee
896,Lori Lutz,Cloud Engineer,employee
897,Heather Rodriguez,Back-end Engineer,employee
898,David Flores,Cloud Engineer,employee
899,Robert Mccullough,Network Engineer,employee
900,Mathew Long,Cloud Engineer,employee
901,Maria Miller,DevOps Engineer,employee
902,Ernest Jenkins,Data Engineer,employee
903,Dominique Brooks,Software Engineer,employee
904,Brian Hernandez,Back-end Engineer,employee
905,Tina Jones,Mobile App Engineer,employee
906,David Haley,QA Engineer,employee
907,Emily Mccoy,Data Engineer,employee
908,Elizabeth Reed,Data Engineer,employee
909,Michelle Malone,Mobile App Engineer,employee
910,Trevor Key,Cloud Engineer,employee
911,Michele Hurst,Cloud Engineer,employee
912,Scott Mckenzie,Security Engineer,employee
913,Richard Estes,Software Engineer,employee
914,Chad George,Back-end Engineer,employee
915,Jeremiah Vaughn,Back-end Engineer,employee
916,Carol Robertson,Back-end Engineer,employee
917,Thomas Grant,Network Engineer,employee
918,Brittney Carter,Mobile App Engineer,employee
919,Sean Becker,Data Engineer,employee
920,Courtney Clark,Cloud Engineer,employee
921,Briana Vincent,Software Engineer,employee
922,James Coleman,DevOps Engineer,employee
923,Dr. Claudia Ortiz DDS,Cloud Engineer,employee
924,Suzanne Simpson,Mobile App Engineer,employee
925,Terri Crawford,Cloud Engineer,employee
926,Julie Zuniga,Data Engineer,employee
927,David Kelly,Full-stack Engineer,employee
928,Monique Morris,Network Engineer,employee
929,Brian Brown,Mobile App Engineer,employee
930,Anna Fleming,QA Engineer,employee
931,Dustin Ward,Back-end Engineer,employee
932,Mr. Wayne Roach,Back-end Engineer,employee
933,Amy Shelton,QA Engineer,employee
934,Hailey Hughes,Front-end Engineer,employee
935,Melissa Mendoza,Data Engineer,employee
936,Kimberly Bowers,Software Engineer,employee
937,Erica Leach,Network Engineer,employee
938,Carol Zimmerman,Full-stack Engineer,employee
939,Brian Alexander,Network Engineer,employee
940,Wendy Parker,Software Engineer,employee
941,John Soto,Front-end Engineer,employee
942,Karen Frazier,Mobile App Engineer,employee
943,Thomas Roberts,Cloud Engineer,employee
944,Benjamin Chavez,Software Engineer,employee
945,Joanna Petersen,Data Engineer,employee
946,Erik Mcintyre,QA Engineer,employee
947,Robin Ramirez,QA Engineer,employee
948,Laura Gamble,Data Engineer,employee
949,Christopher Adams,Back-end Engineer,employee
950,Brandon Gardner,Mobile App Engineer,employee
951,Angela Cobb,QA Engineer,employee
952,Amber Smith,QA Engineer,employee
953,Becky Walker,Software Engineer,employee
954,John Martinez,Full-stack Engineer,employee
955,Russell Bartlett,QA Engineer,employee
956,Andrea Brown,Mobile App Engineer,employee
957,Michele Allen,QA Engineer,employee
958,Christopher Adams,Software Engineer,employee
959,James Lane PhD,Back-end Engineer,employee
960,Charles Francis,DevOps Engineer,employee
961,Connie Pittman,Full-stack Engineer,employee
962,Emily Vargas,Cloud Engineer,employee
963,Andrea Oneill,Full-stack Engineer,employee
964,Megan Thomas,Cloud Engineer,employee
965,Lisa Sullivan,Mobile App Engineer,employee
966,Edward Wilson,Mobile App Engineer,employee
967,Christine Hays,Cloud Engineer,employee
968,Monica Francis,Software Engineer,employee
969,Janice Green,Full-stack Engineer,employee
970,Aaron Griffith,Network Engineer,employee
971,Angela Welch,QA Engineer,employee
972,Deanna Spencer,Security Engineer,employee
973,Suzanne Owens,Network Engineer,employee
974,Amy Newton,Network Engineer,employee
975,Donald Gray,Security Engineer,employee
976,Joshua Schmidt,QA Engineer,employee
977,Jennifer Daniels,DevOps Engineer,employee
978,Ronald Colon,DevOps Engineer,employee
979,Michael Sanchez Jr.,DevOps Engineer,employee
980,Michael Dominguez,Mobile App Engineer,employee
981,Deanna Hanson,Full-stack Engineer,employee
982,Leah Mcdonald,Security Engineer,employee
983,Cynthia Russell,DevOps Engineer,employee
984,Angela Trujillo,Data Engineer,employee
985,Mark Robinson,Full-stack Engineer,employee
986,Ethan Marquez,Cloud Engineer,employee
987,Jennifer Keller,Cloud Engineer,employee
988,Kenneth Bentley,Front-end Engineer,employee
989,Mathew Williams,Data Engineer,employee
990,Angela Davis,QA Engineer,employee
991,Thomas Bell,Software Engineer,employee
992,Denise Morris,Network Engineer,employee
993,Kathy Wolfe,Data Engineer,employee
994,Denise Gonzalez,Full-stack Engineer,employee
995,Linda Miller,QA Engineer,employee
996,Jonathan King,Back-end Engineer,employee
997,Micheal Howell,Network Engineer,employee
998,Eric Rodriguez,Data Engineer,employee
999,Adam Frazier,Full-stack Engineer,employee
1000,Lisa Mosley,Network Engineer,employee
1001,VIJAY R,Security Engineer,admin
