Course Title,Average Rating
Customer Service Excellence,80.8484848484848485
Unsupervised Learning,79.7894736842105263
Closing Sales Strategies,79.0270270270270270
Google Ads Fundamentals,80.7959183673469388
Hardware Repair Skills,77.7666666666666667
Multiplayer Game Development,80.2826086956521739
Wireframing and Prototyping,81.0434782608695652
MongoDB,78.5000000000000000
Deployment & Hosting,81.1578947368421053
Understanding Financial Markets,79.9761904761904762
Containerization with Docker,79.6190476190476190
Version Control with Git,80.7575757575757576
Microservices in Cloud,81.8636363636363636
Mobile App Design,79.5277777777777778
Cloud Support Fundamentals,81.0277777777777778
Personal Finance Skills,78.4871794871794872
Analytics for Marketers,82.6136363636363636
Introduction to IT Support,79.3809523809523810
User Research Techniques,80.8888888888888889
Negotiation Techniques,81.6000000000000000
Troubleshooting Techniques,81.1891891891891892
Change Management Strategies,78.6451612903225806
Usability Testing,80.5151515151515152
Configuration Management with Ansible,79.7105263157894737
SWOT Analysis for Business,80.1612903225806452
Risk Analysis and Management,80.1500000000000000
Monitoring and Logging,80.4146341463414634
Ethereum Development,80.5476190476190476
Business Process Modeling,78.8857142857142857
SEO Best Practices,79.8043478260869565
Backend Development Fundamentals,78.4736842105263158
Requirements Gathering Techniques,81.5526315789473684
Investing Fundamentals,80.1250000000000000
Collaboration Tools in DevOps,80.6363636363636364
Diversity and Inclusion Initiatives,81.5000000000000000
API Integration in Mobile Apps,79.4444444444444444
Cross-Platform Development with Flutter,80.3809523809523810
Corporate Finance Essentials,79.4102564102564103
Introduction to AI,80.1000000000000000
Azure Basics,80.4565217391304348
SEO Fundamentals,81.6500000000000000
Employee Engagement Techniques,79.7027027027027027
Incident Response,81.0000000000000000
Frontend Development Basics,80.6666666666666667
AI in IoT,80.7435897435897436
Design Tools Overview,80.5151515151515152
Tokenomics,79.5666666666666667
Security in Cloud Computing,79.3055555555555556
Affiliate Marketing,81.1363636363636364
Data Analysis for Business Decisions,80.1425641025641026
Container Orchestration with Kubernetes,79.8431372549019608
Introduction to Content Creation,78.8636363636363636
2D Game Development,78.8378378378378378
Remote Support Techniques,80.8222222222222222
Risk Management in Cybersecurity,79.0487804878048780
Blockchain Security,81.8205128205128205
Cryptography Basics,80.5000000000000000
Influencer Marketing,82.0370370370370370
Natural Language Processing Techniques,79.5813953488372093
Deep Learning Fundamentals,81.2222222222222222
Serverless Architecture,80.8666666666666667
Digital Sales Techniques,82.1081081081081081
Presentation Skills for Business Analysts,81.4864864864864865
Communication Skills for Project Managers,82.3235294117647059
Sales Analytics,79.3055555555555556
Change Management,80.5294117647058824
Introduction to DevOps,80.2826086956521739
Predictive Analytics,80.8571428571428571
Talent Acquisition Strategies,81.7142857142857143
AI in Healthcare,80.8695652173913043
Mobile App Security,77.4324324324324324
Security Awareness for IT Support,78.5897435897435897
Content Promotion Strategies,80.3333333333333333
Game Monetization Strategies,79.2250000000000000
App Monetization Strategies,79.3529411764705882
Virtual Reality Development,80.0540540540540541
Agile Project Management,82.3666666666666667
Project Scheduling Techniques,80.4444444444444444
Reinforcement Learning Techniques,80.8510638297872340
Performance Optimization for Mobile Apps,79.0526315789473684
Unity Basics,79.0750000000000000
Deployment of ML Models,79.3333333333333333
Content Management Systems (CMS),80.8571428571428571
Networking Basics,80.9696969696969697
Automating Cloud Deployments,79.5384615384615385
Cloud Security Best Practices,81.9666666666666667
Introduction to Blockchain,77.8545454545454545
Training and Development,78.7368421052631579
Performance Management Systems,79.1562500000000000
Content Marketing Strategies,80.8181818181818182
Reinforcement Learning,81.7894736842105263
Ethical Hacking Basics,79.1190476190476190
Graphic Design Basics for Content,79.3061224489795918
Data Ethics,80.3397959183673469
Cryptocurrency Fundamentals,78.3611111111111111
E-commerce Development Basics,82.1666666666666667
Web Accessibility Standards,79.5625000000000000
Network Security Fundamentals,81.4666666666666667
Data Cleaning & Preprocessing,80.1516393442622951
Interaction Design Principles,77.9310344827586207
Introduction to Machine Learning,79.8461538461538462
HTML & CSS,80.1818181818181818
Git & GitHub,78.3947368421052632
Blogging for Beginners,77.5250000000000000
Business Case Development,80.0000000000000000
Game Testing Techniques,79.5454545454545455
AI in Robotics,80.3500000000000000
Smart Contracts Development,80.3414634146341463
Data Visualization with Matplotlib,80.2466598150051387
Stakeholder Management,79.7297297297297297
Content Strategy Development,77.3333333333333333
Quality Management,77.9750000000000000
Financial Analysis Techniques,79.7894736842105263
Video Production Basics,80.7500000000000000
SEO for Content Creators,80.2380952380952381
React,80.2000000000000000
Brand Management Online,78.1388888888888889
Social Media Content Creation,80.3142857142857143
Project Management Basics,79.7727272727272727
Computer Vision Basics,78.1463414634146341
Introduction to Cloud Computing,79.9166666666666667
Introduction to Finance,81.7714285714285714
Podcasting Fundamentals,79.2162162162162162
Progressive Web Apps (PWAs),79.8913043478260870
Malware Analysis,79.9210526315789474
JavaScript Frameworks Overview,79.6363636363636364
Natural Language Processing,80.9811320754716981
Project Management Tools Overview,80.8809523809523810
Financial Planning and Forecasting,78.7272727272727273
Introduction to Game Development,79.3863636363636364
Data Analysis with Pandas,79.7494845360824742
Design Thinking Process,80.0212765957446809
Building Customer Relationships,82.8095238095238095
JavaScript Basics,79.0937500000000000
Time Series Analysis,78.9756097560975610
Unreal Engine Basics,79.9459459459459459
Financial Reporting Standards,82.1923076923076923
API Development,82.6410256410256410
Understanding Consumer Behavior,79.0256410256410256
Vulnerability Assessment,80.2045454545454545
Conflict Resolution in HR,81.0909090909090909
Android Development Basics,79.3888888888888889
RESTful Services,78.8292682926829268
Email Marketing Basics,81.2325581395348837
Conversion Rate Optimization,80.4666666666666667
Blockchain Use Cases,79.1714285714285714
Deep Learning with TensorFlow,81.1190476190476190
Model Evaluation,83.0270270270270270
Statistical Analysis,78.6388888888888889
Game Design Principles,80.5581395348837209
Cloud Cost Management,81.2222222222222222
Stakeholder Analysis,81.0000000000000000
Sales Fundamentals,78.5111111111111111
Introduction to Human Resources,80.3043478260869565
Google Cloud Platform Essentials,80.6388888888888889
Penetration Testing,80.7187500000000000
Customer Service Skills for IT,79.6363636363636364
Node.js,79.5869565217391304
Budgeting Basics,79.2708333333333333
AWS Fundamentals,78.6222222222222222
Mobile Testing Strategies,82.5384615384615385
Labor Laws and Compliance,80.9761904761904762
Introduction to Business Analysis,78.8780487804878049
Decentralized Applications (DApps),80.6410256410256410
Hyperledger Basics,80.7234042553191489
Web Application Security,77.5135135135135135
iOS Development Basics,79.1904761904761905
Operating Systems Overview,79.8055555555555556
Editing and Proofreading Techniques,81.3953488372093023
Agile Methodologies,81.4400000000000000
Continuous Integration and Delivery,80.2368421052631579
Social Media Marketing,77.8888888888888889
3D Game Development,79.8596491228070175
Web Performance Optimization,80.3076923076923077
Infrastructure as Code,81.0476190476190476
Publishing Mobile Apps,79.3076923076923077
Risk Management in Projects,80.7209302325581395
Budgeting for Projects,79.3888888888888889
ITIL Foundations,79.9722222222222222
Introduction to UI/UX Design,80.7380952380952381
Python for Data Science,81.5000000000000000
Risk Management in Finance,79.8684210526315789
Speech Recognition Technologies,81.1363636363636364
User Interface Design for Mobile Apps,78.7878787878787879
Consensus Algorithms,78.3783783783783784
DevOps in the Cloud,79.9428571428571429
Time Management for Sales,80.9677419354838710
Ethics in AI,79.0769230769230769
Express.js,80.3448275862068966
HR Technology Tools,79.2051282051282051
Responsive Web Design,79.0000000000000000
Presentation Skills for Sales,79.2045454545454545
Big Data with Spark,80.6521739130434783
Visual Design Basics,80.0000000000000000
AI for Business,78.7333333333333333
Supervised Learning,79.3555555555555556
HR Analytics,79.1315789473684211
Machine Learning Basics,81.7500000000000000
Responsive Design Principles,78.2500000000000000
Computer Vision Applications,79.0232558139534884
